<RelativeLayout xmlns:android="http://schemas.android.com/apk/res/android"
    xmlns:tools="http://schemas.android.com/tools"
    android:layout_width="match_parent"
    android:layout_height="match_parent"
    tools:context=".MainActivity" 
    >
    <android.support.v4.view.ViewPager
        android:id="@+id/pager"
        android:layout_width="match_parent"
        android:layout_height="match_parent"
        android:layout_marginBottom="50dp"
        >
    </android.support.v4.view.ViewPager>
    
    <LinearLayout 
	    android:id="@+id/iask_bottom_layout"
        android:layout_width="match_parent"
        android:layout_height="50dp"
        android:orientation="horizontal"
        android:background="@color/black"
        android:visibility="visible"
        android:layout_marginBottom="0dp"
        android:layout_alignParentBottom="true"
        >
        <LinearLayout 
            android:id="@+id/iask_ask_layout"
            android:layout_width="wrap_content"
            android:layout_height="match_parent" 
            android:background="@drawable/iask_bottom_tab_ask_bg"
            android:clickable="true"
            android:focusable="true"
            android:layout_gravity="center"
            android:gravity="center"
            android:layout_weight="1"
            >
        	<TextView
        	   android:id="@+id/iask_ask_text"
               android:layout_width="wrap_content"
               android:layout_height="wrap_content"
               android:text="我要问"
               android:textSize="18sp"
               android:textColor="@color/iask_bootom_font_color_press"
               />
        </LinearLayout>
        
        <ImageView
            android:layout_width="wrap_content"
            android:layout_height="wrap_content"
            android:src="@drawable/iask_bottom_line_vertical" 
            android:visibility="gone"/>
        <LinearLayout 
            android:id="@+id/iask_answer_layout"
            android:layout_width="wrap_content"
            android:layout_height="match_parent" 
            android:background="@drawable/iask_bottom_tab_answer_bg"
            android:clickable="true"
            android:focusable="true"
            android:layout_gravity="center"
            android:gravity="center"
            android:layout_weight="1"
            >
        	<TextView
        	   android:id="@+id/iask_answer_text"
               android:layout_width="wrap_content"
               android:layout_height="wrap_content"
               android:text="我要答"
               android:layout_gravity="center"
               android:gravity="center"
               android:textSize="18sp"
               android:textColor="@color/iask_bootom_font_color_normal"
               />
        </LinearLayout>
        
        <ImageView
            android:layout_width="wrap_content"
            android:layout_height="wrap_content"
            android:src="@drawable/iask_bottom_line_vertical" 
            android:visibility="gone"
            />
        <LinearLayout 
            android:id="@+id/iask_dynamic_layout"
            android:layout_width="wrap_content"
            android:layout_height="match_parent" 
            android:background="@drawable/back_2_home"
            android:layout_centerVertical="true"
            android:clickable="true"
            android:focusable="true"
            android:layout_gravity="center"
            android:gravity="center"
            android:layout_weight="1"
            android:visibility="gone"
            >
        	<TextView
               android:layout_width="wrap_content"
               android:layout_height="wrap_content"
               android:text="动态"
               android:textSize="18sp"
               android:layout_gravity="center"
               android:gravity="center"
               />
        </LinearLayout>
        
        <ImageView
            android:layout_width="wrap_content"
            android:layout_height="wrap_content"
            android:src="@drawable/iask_bottom_line_vertical"
            android:visibility="gone"
             />
        <LinearLayout 
            android:id="@+id/iask_person_layout"
            android:layout_width="wrap_content"
            android:layout_height="match_parent" 
            android:background="@drawable/iask_bottom_tab_person_bg"
            android:clickable="true"
            android:focusable="true"
            android:layout_gravity="center"
            android:gravity="center"
            android:layout_weight="1"
            >
        	<TextView
        	   android:id="@+id/iask_person_text"
               android:layout_width="wrap_content"
               android:layout_height="wrap_content"
               android:text="个人中心"
               android:layout_gravity="center"
               android:gravity="center"
               android:textSize="18sp"
               android:textColor="@color/iask_bootom_font_color_normal"
               />
         </LinearLayout>
    </LinearLayout>

</RelativeLayout>
